<?xml version="1.0" encoding="Windows-1252"?>
<spellCollection xmlns:xsi="http://www.w3.org/2001/XMLSchema-instance" xmlns:xsd="http://www.w3.org/2001/XMLSchema">
  <spells>
    <spell>
      <name>MassHeal</name>
    </spell>
    <spell>
      <name>Disease</name>
    </spell>
    <spell>
      <name>Crackle</name>
    </spell>
    <spell>
      <name>Totem</name>
    </spell>
    <spell>
      <name>Tsunami</name>
    </spell>
    <spell>
      <name>Blessing</name>
    </spell>
  </spells>
</spellCollection>