<?xml version="1.0" encoding="Windows-1252"?>
<collection xmlns:xsi="http://www.w3.org/2001/XMLSchema-instance" xmlns:xsd="http://www.w3.org/2001/XMLSchema">
  <properties>
    <property>
      <name>fire</name>
      <id>0</id>
      <duration>20</duration>
      <damage>-1.5</damage>
      <stateEffect>-1</stateEffect>
      <compatibility>
        <int>-1</int>
        <int>2</int>
        <int>2</int>
        <int>2</int>
        <int>2</int>
        <int>2</int>
        <int>2</int>
        <int>2</int>
      </compatibility>
    </property>
    <property>
      <name>ice</name>
      <id>0</id>
      <duration>60</duration>
      <damage>-0.5</damage>
      <stateEffect>-1</stateEffect>
      <compatibility>
        <int>2</int>
        <int>-1</int>
        <int>2</int>
        <int>2</int>
        <int>2</int>
        <int>2</int>
        <int>2</int>
        <int>2</int>
      </compatibility>
    </property>
    <property>
      <name>electricity</name>
      <id>0</id>
      <duration>1</duration>
      <damage>-30</damage>
      <stateEffect>-1</stateEffect>
      <compatibility>
        <int>2</int>
        <int>2</int>
        <int>-1</int>
        <int>2</int>
        <int>2</int>
        <int>2</int>
        <int>2</int>
        <int>2</int>
      </compatibility>
    </property>
    <property>
      <name>shock/wind</name>
      <id>0</id>
      <duration>1</duration>
      <damage>-5</damage>
      <stateEffect>-1</stateEffect>
      <compatibility>
        <int>2</int>
        <int>2</int>
        <int>2</int>
        <int>-1</int>
        <int>2</int>
        <int>2</int>
        <int>2</int>
        <int>2</int>
      </compatibility>
    </property>
    <property>
      <name>void/arcane</name>
      <id>0</id>
      <duration>5</duration>
      <damage>-14</damage>
      <stateEffect>-3</stateEffect>
      <compatibility>
        <int>2</int>
        <int>2</int>
        <int>2</int>
        <int>2</int>
        <int>-1</int>
        <int>2</int>
        <int>2</int>
        <int>2</int>
      </compatibility>
    </property>
    <property>
      <name>poison </name>
      <id>0</id>
      <duration>30</duration>
      <damage>-1.5</damage>
      <stateEffect>-2</stateEffect>
      <compatibility>
        <int>2</int>
        <int>2</int>
        <int>2</int>
        <int>2</int>
        <int>2</int>
        <int>-1</int>
        <int>2</int>
        <int>2</int>
      </compatibility>
    </property>
    <property>
      <name>acid</name>
      <id>0</id>
      <duration>60</duration>
      <damage>-0.4</damage>
      <stateEffect>-2</stateEffect>
      <compatibility>
        <int>2</int>
        <int>2</int>
        <int>2</int>
        <int>2</int>
        <int>2</int>
        <int>2</int>
        <int>-1</int>
        <int>2</int>
      </compatibility>
    </property>
    <property>
      <name>holy</name>
      <id>0</id>
      <duration>20</duration>
      <damage>4</damage>
      <stateEffect>3</stateEffect>
      <compatibility>
        <int>2</int>
        <int>2</int>
        <int>2</int>
        <int>2</int>
        <int>2</int>
        <int>2</int>
        <int>2</int>
        <int>-1</int>
      </compatibility>
    </property>
  </properties>
  <_path>PropertiesCompatibility</_path>
</collection>