<?xml version="1.0" encoding="Windows-1252"?>
<spellCollection xmlns:xsi="http://www.w3.org/2001/XMLSchema-instance" xmlns:xsd="http://www.w3.org/2001/XMLSchema">
  <spells>
    <spell>
      <name>Eclair</name>
      <fearCost>0</fearCost>
      <faithCost>10</faithCost>
      <stateEffect>-1</stateEffect>
      <properties>2</properties>
      <areaMax>1</areaMax>
      <duration>1</duration>
      <behaviour>Crackle</behaviour>
    </spell>
    <spell>
      <name>Tsunami</name>
      <fearCost>50</fearCost>
      <faithCost>0</faithCost>
      <stateEffect>-1</stateEffect>
      <properties>3</properties>
      <areaMax>1</areaMax>
      <duration>15</duration>
      <behaviour>Tsunami</behaviour>
    </spell>
    <spell>
      <name>Maladie</name>
      <fearCost>20</fearCost>
      <faithCost>0</faithCost>
      <stateEffect>-1</stateEffect>
      <properties>5</properties>
      <areaMax>15</areaMax>
      <duration>30</duration>
      <behaviour>Disease</behaviour>
    </spell>
    <spell>
      <name>Soin</name>
      <fearCost>0</fearCost>
      <faithCost>10</faithCost>
      <stateEffect>1</stateEffect>
      <properties>7</properties>
      <areaMax>15</areaMax>
      <duration>30</duration>
      <behaviour>MassHeal</behaviour>
    </spell>
    <spell>
      <name>Totem Sacre</name>
      <fearCost>0</fearCost>
      <faithCost>15</faithCost>
      <stateEffect>1</stateEffect>
      <properties>7</properties>
      <areaMax>1</areaMax>
      <duration>60</duration>
      <behaviour>Totem</behaviour>
    </spell>
    <spell>
      <name>Illumination</name>
      <fearCost>0</fearCost>
      <faithCost>20</faithCost>
      <stateEffect>3</stateEffect>
      <properties>7</properties>
      <areaMax>1</areaMax>
      <duration>1</duration>
      <behaviour>Blessing</behaviour>
    </spell>
  </spells>
</spellCollection>