<?xml version="1.0" encoding="utf-8"?>
    <!-- File name is the first tag -->
	<CharactersStats xmlns:xsd="http://www.w3.org/2001/XMLSchema" xmlns:xsi="http://www.w3.org/2001/XMLSchema-instance">
		
		<HeroStats>

			<StartStats>
				<Life> 100 </Life>
				<Endurance> 100 </Endurance>
				<Attack> 100 </Attack>
				<Defense> 100 </Defense>
				<Speed> 100 </Speed>
			</StartStats>

			<CurrentStats>
				<Life> 100 </Life>
				<Endurance> 100 </Endurance>
				<Attack> 100 </Attack>
				<Defense> 100 </Defense>
				<Speed> 100 </Speed>
			</CurrentStats>

		</HeroStats>

	</CharactersStats>