<CraftTable>
    <Weapons>

        <Dagger id="craf1">
            <natural isExist="true" resourcesAmount="2">
                <resource1 value="wood" quantity="5"/>
                <resource2 value="mineral" quantity="5"/>
            </natural>
            <upgrade isExist="false"> 
			</upgrade>        
        </Dagger>

        <SuperiorDagger id="craft2">
            <natural isExist="true" resourcesAmount="3">
                <resource1 value="wood" quantity="5"/>
                <resource2 value="mineral" quantity="7"/>
                <resource3 value="diamond" quantity="3"/> 
            </natural>
            <upgrade isExist="true" resourcesAmount="2"> 
                <resource1 value="Dagger" quantity="1" />
                <resource2 value="diamond" quantity="2"/> 
			</upgrade>    
        </SuperiorDagger>

    </Weapons>

    <FieldItems>

    </FieldItems>

    <Consumables>

    </Consumables>

    <Others>

    </Others>

</CraftTable>
